title,price,location,agent,property_url,image_url,property_id,generated_description
3 bedroom flat / apartment for sale,"₦20,000,000","Ikoyi, Lagos",C W Real Estate   +2349062511340,https://nigeriapropertycentre.com/for-sale/flats-apartments/lagos/ikoyi/3395094-3-bedroom-apartment-with-bq,https://images.nigeriapropertycentre.com/properties/images/thumbs/3395094/069ba8b85196d7-3-bedroom-apartment-with-bq-in-ikoyi-for-sale-ikoyi-lagos.png,PROP-5DCA1AE7,"Presenting this charming property in Ikoyi, Lagos, which beautifully showcases sleek modern aesthetics with premium materials. The property features paved interlocking driveways along with bright natural lighting inside. Priced competitively at ₦20,000,000, this is a unique opportunity to own a piece of real estate in Ikoyi, Lagos."
Self contain (single rooms) for sale,"₦4,500,000","Beside Lagos Business School, Ajah, Ajah, Lagos",Jide Taiwo And Co. Estate Surveyors And Valuers   07052090118,https://nigeriapropertycentre.com/for-sale/flats-apartments/self-contained/lagos/ajah/3491290-studio-self-contained-apartment,https://images.nigeriapropertycentre.com/properties/images/thumbs/3491290/06a0efe990e078-studio-self-contained-apartment-self-contained-for-sale-ajah-lagos.jpg,PROP-6B6ECC01,"Presenting this magnificent property in Beside Lagos Business School, Ajah, Ajah, Lagos, which beautifully incorporates open-plan layouts. The property features off-street parking along with bright natural lighting inside. Priced competitively at ₦4,500,000, this is a unique opportunity to own a piece of real estate in Beside Lagos Business School, Ajah, Ajah, Lagos."
2 bedroom flat / apartment for sale,"₦125,000","John Okafor, Agungi, Lekki, Lagos",Ubosi Eleh & Co   08054797542,https://nigeriapropertycentre.com/for-sale/flats-apartments/lagos/lekki/agungi/3033345-newly-built-fully-fitted-2-bedroom-flat,https://images.nigeriapropertycentre.com/properties/images/thumbs/3033345/0689dd046d7787-newly-built-fully-fitted-2-bedroom-flat-for-sale-agungi-lekki-lagos.jpeg,PROP-843B9B3D,"Presenting this pristine property in John Okafor, Agungi, Lekki, Lagos, which beautifully presents minimalist white facades. The property features expansive manicured lawns along with elegant ensuite bathrooms inside. Priced competitively at ₦125,000, this is a unique opportunity to own a piece of real estate in John Okafor, Agungi, Lekki, Lagos."
3 bedroom flat / apartment for sale,"₦5,000,000","Celebration Parkland Estate, Idera Scheme, Ibeju Lekki, Lagos",Bambii Homes   09168331647,https://nigeriapropertycentre.com/for-sale/flats-apartments/lagos/lekki-ibeju/3485067-live-in-luxury-3-bedrooms-bungalow-with-private-bq-c-of-o,https://images.nigeriapropertycentre.com/properties/images/thumbs/3485067/06a0a814cdaffe-live-in-luxury-3-bed-bungalow-with-private-bq-c-of-o-for-sale-lekki-ibeju-lagos.jpeg,PROP-D18DDACD,"Presenting this pristine property in Celebration Parkland Estate, Idera Scheme, Ibeju Lekki, Lagos, which beautifully delivers minimalist white facades. The property features high-end automated gates along with modern fitted kitchens inside. Priced competitively at ₦5,000,000, this is a unique opportunity to own a piece of real estate in Celebration Parkland Estate, Idera Scheme, Ibeju Lekki, Lagos."
1 bedroom mini flat (room and parlour) for sale,"₦16,000,000","Ogombo, Ajah, Lagos",Golden Property   08143896758,https://nigeriapropertycentre.com/for-sale/flats-apartments/mini-flats/lagos/ajah/ogombo/3331985-luxury-room-and-parlor,https://images.nigeriapropertycentre.com/properties/images/thumbs/3331985/06987287267027-luxury-room-and-parlor-mini-flats-for-rent-ogombo-ajah-lagos.jpg,PROP-C911C62E,"Presenting this imposing property in Ogombo, Ajah, Lagos, which beautifully welcomes you with floor-to-ceiling glass windows. The property features enclosed walled garden along with beautifully tiled floors inside. Priced competitively at ₦16,000,000, this is a unique opportunity to own a piece of real estate in Ogombo, Ajah, Lagos."
Self contain (single rooms) for sale,"₦15,000,000","Yaba, Lagos",Tos Property Services   08038592381,https://nigeriapropertycentre.com/for-sale/flats-apartments/self-contained/lagos/yaba/3481283-new-exotic-studio-apartment,https://images.nigeriapropertycentre.com/properties/images/thumbs/3481283/06a06162ee543a-new-exotic-studio-apartment-self-contained-for-sale-yaba-lagos.jpeg,PROP-BE925E84,"Presenting this tranquil property in Yaba, Lagos, which beautifully boasts glass-enclosed balconies. The property features off-street parking along with beautifully tiled floors inside. Priced competitively at ₦15,000,000, this is a unique opportunity to own a piece of real estate in Yaba, Lagos."
2 bedroom flat / apartment for sale,"₦8,000,000","VGC, Lekki, Lagos",Enegi Estates   08120947999,https://nigeriapropertycentre.com/for-sale/flats-apartments/lagos/lekki/victoria-garden-city/3481049-elegant-2-bedroom-fully-furnished-apartment,https://images.nigeriapropertycentre.com/properties/images/thumbs/3481049/06a05e91562767-elegant-2bedroom-fully-furnished-apartment-for-sale-victoria-garden-city-lekki-lagos.jpg,PROP-F7E553A7,"Presenting this expansive property in VGC, Lekki, Lagos, which beautifully flaunts sleek modern aesthetics with premium materials. The property features high-end automated gates along with spacious walk-in closets inside. Priced competitively at ₦8,000,000, this is a unique opportunity to own a piece of real estate in VGC, Lekki, Lagos."
3 bedroom flat / apartment for sale,"₦6,500,000","Agidingbi, Ikeja, Lagos",Starriest Global Properties   09036650834,https://nigeriapropertycentre.com/for-sale/flats-apartments/lagos/ikeja/agidingbi/3476702-luxury-3-bedroom-apartment,https://images.nigeriapropertycentre.com/properties/images/thumbs/3476702/06a02ed564eac5-luxury-3-bedroom-apartment-for-sale-agidingbi-ikeja-lagos.jpg,PROP-5AC76F3F,"Presenting this contemporary property in Agidingbi, Ikeja, Lagos, which beautifully delivers glass-enclosed balconies. The property features expansive manicured lawns along with bright natural lighting inside. Priced competitively at ₦6,500,000, this is a unique opportunity to own a piece of real estate in Agidingbi, Ikeja, Lagos."
Self contain (single rooms) for sale,"₦16,000,000","Onike, Yaba, Lagos",Backup Property Consult (a Subsidiary Of Backup Plans Enterprises)   08116621825,https://nigeriapropertycentre.com/for-sale/flats-apartments/self-contained/lagos/yaba/onike/2915837-furnished-studio-apartments-for-15years-lease,https://images.nigeriapropertycentre.com/properties/images/thumbs/2915837/06a020cc09e44b-furnished-studio-apartments-for-15years-lease-self-contained-for-sale-onike-yaba-lagos.jpg,PROP-D539BDAA,"Presenting this radiant property in Onike, Yaba, Lagos, which beautifully presents clean geometric lines. The property features low-maintenance yards along with beautifully tiled floors inside. Priced competitively at ₦16,000,000, this is a unique opportunity to own a piece of real estate in Onike, Yaba, Lagos."
Self contain (single rooms) for sale,"₦10,000,000","Owodunni Street, Onike, Yaba, Lagos",Backup Property Consult (a Subsidiary Of Backup Plans Enterprises)   08116621825,https://nigeriapropertycentre.com/for-sale/flats-apartments/self-contained/lagos/yaba/onike/3282304-studio-apartment-for-15years-lease,https://images.nigeriapropertycentre.com/properties/images/thumbs/3282304/0695e8891ebe65-studio-apartment-self-contained-for-sale-onike-yaba-lagos.jpeg,PROP-CD5042B4,"Presenting this distinctive property in Owodunni Street, Onike, Yaba, Lagos, which beautifully welcomes you with asymmetrical architectural forms. The property features neat interlocking stones along with modern fitted kitchens inside. Priced competitively at ₦10,000,000, this is a unique opportunity to own a piece of real estate in Owodunni Street, Onike, Yaba, Lagos."
Self contain (single rooms) for sale,"₦14,000,000","Oduduwa Street, Masha, Surulere, Lagos",Backup Property Consult (a Subsidiary Of Backup Plans Enterprises)   08116621825,https://nigeriapropertycentre.com/for-sale/flats-apartments/self-contained/lagos/surulere/masha/3347391-off-plan-units-of-apartments-for-16years-lease,https://images.nigeriapropertycentre.com/properties/images/thumbs/3347391/06994912674f18-off-plan-units-of-apartments-for-16years-lease-self-contained-for-sale-masha-surulere-lagos.jpg,PROP-52AB1BAA,"Presenting this radiant property in Oduduwa Street, Masha, Surulere, Lagos, which beautifully reveals clean geometric lines. The property features neat interlocking stones along with elegant ensuite bathrooms inside. Priced competitively at ₦14,000,000, this is a unique opportunity to own a piece of real estate in Oduduwa Street, Masha, Surulere, Lagos."
Self contain (single rooms) for sale,"₦9,000,000","Unilag Back Gate, Iwaya, Yaba, Lagos",Psalmy Realty Services Limited   08077205145,https://nigeriapropertycentre.com/for-sale/flats-apartments/self-contained/lagos/yaba/iwaya/3474515-luxury-and-standard-studio-apartment-in-a-very-good-environment,https://images.nigeriapropertycentre.com/properties/images/thumbs/3474515/06a0151f751b16-luxury-and-standard-studio-apartment-in-a-very-good-environment-self-contained-for-rent-iwaya-yaba-lagos.jpeg,PROP-58F72A14,"Presenting this solid property in Unilag Back Gate, Iwaya, Yaba, Lagos, which beautifully invites you into clean geometric lines. The property features low-maintenance yards along with bright natural lighting inside. Priced competitively at ₦9,000,000, this is a unique opportunity to own a piece of real estate in Unilag Back Gate, Iwaya, Yaba, Lagos."
1 bedroom mini flat (room and parlour) for sale,"₦18,000,000","9, Balogun Street, Iwaya, Behind Unilag, Iwaya, Yaba, Lagos",Psalmy Realty Services Limited   08077205145,https://nigeriapropertycentre.com/for-sale/flats-apartments/mini-flats/lagos/yaba/iwaya/3470191-newly-built-and-standard-one-bedroom-flat,https://images.nigeriapropertycentre.com/properties/images/thumbs/3470191/069fcc0be25f5f-newly-built-and-standard-one-bedroom-flat-mini-flats-for-sale-iwaya-yaba-lagos.jpeg,PROP-9070FFC5,"Presenting this stunning property in 9, Balogun Street, Iwaya, Behind Unilag, Iwaya, Yaba, Lagos, which beautifully boasts floor-to-ceiling glass windows. The property features neat interlocking stones along with spacious walk-in closets inside. Priced competitively at ₦18,000,000, this is a unique opportunity to own a piece of real estate in 9, Balogun Street, Iwaya, Behind Unilag, Iwaya, Yaba, Lagos."
2 bedroom flat / apartment for sale,"₦6,000,000","Orchid Road, Lekki, Lagos",Nns Management Company Ltd   09017412087,https://nigeriapropertycentre.com/for-sale/flats-apartments/lagos/lekki/3470015-spacious-and-sharp-2-bedroom-apartment,https://images.nigeriapropertycentre.com/properties/images/thumbs/3470015/069fca3291f91d-spacious-and-sharp-2-bedroom-apartment-for-sale-lekki-lagos.jpg,PROP-D7CCB3E2,"Presenting this sleek property in Orchid Road, Lekki, Lagos, which beautifully commands attention with asymmetrical architectural forms. The property features paved interlocking driveways along with elegant ensuite bathrooms inside. Priced competitively at ₦6,000,000, this is a unique opportunity to own a piece of real estate in Orchid Road, Lekki, Lagos."
Self contain (single rooms) for sale,"₦8,500,000","Omu/epe, Epe, Lagos",Ajah Properties Dev And Construction Ltd   08038541538,https://nigeriapropertycentre.com/for-sale/flats-apartments/self-contained/lagos/epe/2829455-distress-luxury-student-apartments,https://images.nigeriapropertycentre.com/properties/images/thumbs/2829455/068052acb38847-luxury-student-apartments-self-contained-for-sale-ijebu-east-ogun.jpeg,PROP-A81E51C6,"Presenting this opulent property in Omu/epe, Epe, Lagos, which beautifully stands tall with asymmetrical architectural forms. The property features low-maintenance yards along with elegant ensuite bathrooms inside. Priced competitively at ₦8,500,000, this is a unique opportunity to own a piece of real estate in Omu/epe, Epe, Lagos."
5 bedroom flat / apartment for sale,"₦15,000,000","Yaba, Lagos",Homesearch And Properties   08170730095,https://nigeriapropertycentre.com/for-sale/flats-apartments/lagos/yaba/3457150-a-fully-serviced-and-partly-furnished-5-bedroom-penthouse-with-bq,https://images.nigeriapropertycentre.com/properties/images/thumbs/3457150/069f1e145a4c49-a-fully-serviced-and-partly-furnished-5bedroom-penthouse-with-bq-for-sale-yaba-lagos.jpeg,PROP-FBF4C4CB,"Presenting this magnificent property in Yaba, Lagos, which beautifully features floor-to-ceiling glass windows. The property features high-end automated gates along with beautifully tiled floors inside. Priced competitively at ₦15,000,000, this is a unique opportunity to own a piece of real estate in Yaba, Lagos."
1 bedroom mini flat (room and parlour) for sale,"₦12,000,000","Abule Pan, Ibeju Lekki, Lagos",Ajah Properties Dev And Construction Ltd   08038541538,https://nigeriapropertycentre.com/for-sale/flats-apartments/mini-flats/lagos/lekki-ibeju/3274793-solid-uncompleted-mini-flat,https://images.nigeriapropertycentre.com/properties/images/thumbs/3274793/0695863135fb2a-solid-uncompleted-mini-flat-mini-flats-for-sale-lekki-ibeju-lagos.jpeg,PROP-EB0C1F63,"Presenting this sleek property in Abule Pan, Ibeju Lekki, Lagos, which beautifully offers glass-enclosed balconies. The property features off-street parking along with beautifully tiled floors inside. Priced competitively at ₦12,000,000, this is a unique opportunity to own a piece of real estate in Abule Pan, Ibeju Lekki, Lagos."
1 bedroom mini flat (room and parlour) for sale,"₦20,000,000","Surulere, Lagos",Urbanathconcepts   08034797455,https://nigeriapropertycentre.com/for-sale/flats-apartments/mini-flats/lagos/surulere/3401587-luxury-mini-flat,https://images.nigeriapropertycentre.com/properties/images/thumbs/3401587/069c13f1ff2a47-luxury-mini-flat-mini-flats-for-sale-surulere-lagos.jpeg,PROP-F117E30F,"Presenting this imposing property in Surulere, Lagos, which beautifully incorporates asymmetrical architectural forms. The property features neat interlocking stones along with modern fitted kitchens inside. Priced competitively at ₦20,000,000, this is a unique opportunity to own a piece of real estate in Surulere, Lagos."
3 bedroom flat / apartment for sale,"₦20,000,000","Ikoyi, Lagos",C W Real Estate   +2349062511340,https://nigeriapropertycentre.com/for-sale/flats-apartments/lagos/ikoyi/3395100-3-bedroom-apartment-with-bq,https://images.nigeriapropertycentre.com/properties/images/thumbs/3395100/069ba8bf854201-3-bedroom-apartment-with-bq-in-ikoyi-for-sale-ikoyi-lagos.png,PROP-FA924B73,"Presenting this imposing property in Ikoyi, Lagos, which beautifully invites you into striking double-height ceilings. The property features expansive manicured lawns along with spacious walk-in closets inside. Priced competitively at ₦20,000,000, this is a unique opportunity to own a piece of real estate in Ikoyi, Lagos."
1 bedroom mini flat (room and parlour) for sale,"₦3,500,000","Ilasan, Ikate, Lekki, Lagos",Ovat Of Lagos Real Estate   08108565565,https://nigeriapropertycentre.com/for-sale/flats-apartments/mini-flats/lagos/lekki/ikate/3394557-1-bedroom-mini-flat,https://images.nigeriapropertycentre.com/properties/images/thumbs/3394557/069ba397ae8aa7-1-bedroom-mini-flat-mini-flats-for-sale-ikate-lekki-lagos.jpg,PROP-93094A63,"Presenting this radiant property in Ilasan, Ikate, Lekki, Lagos, which beautifully invites you into open-plan layouts. The property features neat interlocking stones along with spacious walk-in closets inside. Priced competitively at ₦3,500,000, this is a unique opportunity to own a piece of real estate in Ilasan, Ikate, Lekki, Lagos."
Self contain (single rooms) for sale,"₦11,700,000","Ladilak, Pedro, Gbagada, Lagos",Remas Realty Ltd.   07037362014,https://nigeriapropertycentre.com/for-sale/flats-apartments/self-contained/lagos/gbagada/pedro/3235294-25-years-lease-offer,https://images.nigeriapropertycentre.com/properties/images/thumbs/3235294/06972562d4bfb8-25-years-lease-offer-own-this-studio-apartment-self-contained-for-sale-pedro-gbagada-lagos.jpeg,PROP-CA44121C,"Presenting this radiant property in Ladilak, Pedro, Gbagada, Lagos, which beautifully invites you into clean geometric lines. The property features neat interlocking stones along with bright natural lighting inside. Priced competitively at ₦11,700,000, this is a unique opportunity to own a piece of real estate in Ladilak, Pedro, Gbagada, Lagos."
1 bedroom flat / apartment for sale,"₦15,000,000","Ikoyi, Lagos",Mo Resources & Services Ltd   07069265294,https://nigeriapropertycentre.com/for-sale/flats-apartments/lagos/ikoyi/2840781-newly-built-1-bedroom-flat-with-bq,https://images.nigeriapropertycentre.com/properties/images/thumbs/2840781/0680e6c763924c-newly-built-2-bedroom-flat-with-bq-for-sale-ikoyi-lagos.jpg,PROP-F81958BE,"Presenting this contemporary property in Ikoyi, Lagos, which beautifully commands attention with exquisite marble finishes. The property features paved interlocking driveways along with bright natural lighting inside. Priced competitively at ₦15,000,000, this is a unique opportunity to own a piece of real estate in Ikoyi, Lagos."
2 bedroom flat / apartment for sale,"₦20,000,000","Adeboruwa Housing Estate, Ikorodu, Lagos",Onabanjo & Onabanjo & Co.   08029643100,https://nigeriapropertycentre.com/for-sale/flats-apartments/lagos/ikorodu/3129667-1-unit-of-2-bedrooms-flat-in-a-housing-estate,https://images.nigeriapropertycentre.com/properties/images/thumbs/3129667/06936dd54c5862-1-unit-of-2-bedrooms-flat-in-a-housing-estate-for-sale-ikorodu-lagos.jpg,PROP-8DDB7712,"Presenting this tranquil property in Adeboruwa Housing Estate, Ikorodu, Lagos, which beautifully offers unrivaled minimalist white facades. The property features large balconies with glass railings along with modern fitted kitchens inside. Priced competitively at ₦20,000,000, this is a unique opportunity to own a piece of real estate in Adeboruwa Housing Estate, Ikorodu, Lagos."
1 bedroom mini flat (room and parlour) for sale,"₦13,000,000","Oshodi, Lagos",Bluehedge Realtors   +2348177766115,https://nigeriapropertycentre.com/for-sale/flats-apartments/mini-flats/lagos/oshodi/2557920-uniquely-built-1-bedroom-flat-for-20years-lease,https://images.nigeriapropertycentre.com/properties/images/thumbs/2557920/0672cf06d3b300-uniquely-built-1-bedroom-flat-for-20years-lease-mini-flats-for-sale-oshodi-lagos.jpg,PROP-11F35585,"Presenting this distinctive property in Oshodi, Lagos, which beautifully features floor-to-ceiling glass windows. The property features off-street parking along with beautifully tiled floors inside. Priced competitively at ₦13,000,000, this is a unique opportunity to own a piece of real estate in Oshodi, Lagos."
2 bedroom flat / apartment for sale,"₦17,000,000","Illasan, Ikate, Lekki, Lagos",Banksome Global Realtors   09118015748,https://nigeriapropertycentre.com/for-sale/flats-apartments/lagos/lekki/ikate/3493057-furnished-2-bedroom-flat,https://images.nigeriapropertycentre.com/properties/images/thumbs/3493057/06a103bfbe71f4-2bedroom-flat-apartment-for-sale-ikate-lekki-lagos.jpg,PROP-6181C7E8,"Presenting this sleek property in Illasan, Ikate, Lekki, Lagos, which beautifully features clean geometric lines. The property features private swimming pool areas along with elegant ensuite bathrooms inside. Priced competitively at ₦17,000,000, this is a unique opportunity to own a piece of real estate in Illasan, Ikate, Lekki, Lagos."
2 bedroom flat / apartment for sale,"₦200,000","Nike Art Gallery, Ikate Elegushi, Lekki, Lagos",House Of Turner   08141369566,https://nigeriapropertycentre.com/for-sale/flats-apartments/lagos/lekki/ikate-elegushi/3477708-newly-built-standard-2-bedrooms-apartment,https://images.nigeriapropertycentre.com/properties/images/thumbs/3477708/06a036c26cabc3-newly-built-standard-2-bedrooms-apartment-for-sale-ikate-elegushi-lekki-lagos.jpeg,PROP-2B734E67,"Presenting this sleek property in Nike Art Gallery, Ikate Elegushi, Lekki, Lagos, which beautifully flaunts minimalist white facades. The property features large balconies with glass railings along with bright natural lighting inside. Priced competitively at ₦200,000, this is a unique opportunity to own a piece of real estate in Nike Art Gallery, Ikate Elegushi, Lekki, Lagos."
4 bedroom flat / apartment for sale,"₦5,000,000","Sangotedo, Ajah, Lagos",Nelly P Properties   07026980758,https://nigeriapropertycentre.com/for-sale/flats-apartments/lagos/ajah/sangotedo/3472232-luxury-exquisite-ultra-spacious-4-bedroom-apartment,https://images.nigeriapropertycentre.com/properties/images/thumbs/3472232/069fe50e661f4e-luxury-exquisite-ultra-spacious-4-bedroom-apartment-for-sale-sangotedo-ajah-lagos.jpg,PROP-7AFD180D,"Presenting this radiant property in Sangotedo, Ajah, Lagos, which beautifully features floor-to-ceiling glass windows. The property features private swimming pool areas along with bright natural lighting inside. Priced competitively at ₦5,000,000, this is a unique opportunity to own a piece of real estate in Sangotedo, Ajah, Lagos."
2 bedroom flat / apartment for sale,"$2,000","Banana Island, Ikoyi, Lagos",Able Worldmart Services   08068495986,https://nigeriapropertycentre.com/for-sale/flats-apartments/lagos/ikoyi/banana-island/3464148-luxury-2-bedroom-apartment,https://images.nigeriapropertycentre.com/properties/images/thumbs/3464148/069f88afe9347e-luxury-2bedroom-apartment-for-sale-banana-island-ikoyi-lagos.jpeg,PROP-AA947389,"Presenting this pristine property in Banana Island, Ikoyi, Lagos, which beautifully showcases striking double-height ceilings. The property features paved interlocking driveways along with elegant ensuite bathrooms inside. Priced competitively at $2,000, this is a unique opportunity to own a piece of real estate in Banana Island, Ikoyi, Lagos."
2 bedroom flat / apartment for sale,"₦2,000,000","Adebiyi Street, GRA Phase 1, Magodo, Lagos",Folacity Nig Ltd   2018,https://nigeriapropertycentre.com/for-sale/flats-apartments/lagos/magodo/gra-phase-1/3462417-mini-two-bedroom-flat,https://images.nigeriapropertycentre.com/properties/images/thumbs/3462417/069f839294958b-mini-two-bedroom-flat-for-sale-gra-phase-1-magodo-lagos.jpg,PROP-B4DF1CC4,"Presenting this imposing property in Adebiyi Street, GRA Phase 1, Magodo, Lagos, which beautifully invites you into glass-enclosed balconies. The property features large balconies with glass railings along with bright natural lighting inside. Priced competitively at ₦2,000,000, this is a unique opportunity to own a piece of real estate in Adebiyi Street, GRA Phase 1, Magodo, Lagos."
1 bedroom mini flat (room and parlour) for sale,"₦3,200,000","Chevron, Lekki, Lagos",S3 Global Height Limited   09069994668,https://nigeriapropertycentre.com/for-sale/flats-apartments/mini-flats/lagos/lekki/3447991-cozy-portable-and-standard-miniflat,https://images.nigeriapropertycentre.com/properties/images/thumbs/3447991/069e9dc16319df-cozy-portable-and-standard-miniflat-mini-flats-for-sale-lekki-lagos.jpeg,PROP-8EB66819,"Presenting this grand property in Chevron, Lekki, Lagos, which beautifully ensures a lifestyle of open-plan layouts. The property features off-street parking along with bright natural lighting inside. Priced competitively at ₦3,200,000, this is a unique opportunity to own a piece of real estate in Chevron, Lekki, Lagos."
Self contain (single rooms) for sale,"₦8,500,000","Waec, Yaba, Lagos",Property Finders (ibile Global Mart Limited)   09068786533,https://nigeriapropertycentre.com/for-sale/flats-apartments/self-contained/lagos/yaba/3446685-self-contain,https://images.nigeriapropertycentre.com/properties/images/thumbs/3446685/069e8b08b8b6bc-own-this-studio-apartment-for-18-years-self-contained-for-sale-yaba-lagos.jpg,PROP-B51FF752,"Presenting this expansive property in Waec, Yaba, Lagos, which beautifully boasts clean geometric lines. The property features enclosed walled garden along with beautifully tiled floors inside. Priced competitively at ₦8,500,000, this is a unique opportunity to own a piece of real estate in Waec, Yaba, Lagos."
1 bedroom flat / apartment for sale,"₦3,500,000","Orchid, Lekki, Lagos",Wincovers Realty Ltd   08103254940,https://nigeriapropertycentre.com/for-sale/flats-apartments/lagos/lekki/3443363-modern-classic-1-bedroom-apartment,https://images.nigeriapropertycentre.com/properties/images/thumbs/3443363/069e63976b4154-modern-classic-1bedroom-apartment-in-a-secure-estate-for-sale-lekki-lagos.jpg,PROP-2540CD36,"Presenting this grand property in Orchid, Lekki, Lagos, which beautifully offers minimalist white facades. The property features large balconies with glass railings along with bright natural lighting inside. Priced competitively at ₦3,500,000, this is a unique opportunity to own a piece of real estate in Orchid, Lekki, Lagos."
1 bedroom mini flat (room and parlour) for sale,"₦170,000","Oniru Estate, Victoria Island (VI), Lagos",O'tai Global Resource   08057304479,https://nigeriapropertycentre.com/for-sale/flats-apartments/mini-flats/lagos/victoria-island/3439599-fully-furnished-serviced-luxury-1-bedroom-apartment,https://images.nigeriapropertycentre.com/properties/images/thumbs/3439599/069e2394c40c16-fully-furnished-serviced-luxury-1bedroom-room-parlor-apartment-for-sale-victoria-island-lagos.jpg,PROP-F3F6ECB2,"Presenting this expansive property in Oniru Estate, Victoria Island (VI), Lagos, which beautifully features palatial sweeping driveways. The property features neat interlocking stones along with modern fitted kitchens inside. Priced competitively at ₦170,000, this is a unique opportunity to own a piece of real estate in Oniru Estate, Victoria Island (VI), Lagos."
Self contain (single rooms) for sale,"₦20,000,000","Palmgrove, Shomolu, Lagos",Olatunji Yusuf & Associate   08030429586,https://nigeriapropertycentre.com/for-sale/flats-apartments/self-contained/lagos/shomolu/palmgrove/3434743-fantastic-lovely-studio-apartment,https://images.nigeriapropertycentre.com/properties/images/thumbs/3434743/069de7ceba2720-fantastic-lovely-studio-apartment-self-contained-for-sale-palmgrove-shomolu-lagos.jpeg,PROP-54621E03,"Presenting this pristine property in Palmgrove, Shomolu, Lagos, which beautifully presents floor-to-ceiling glass windows. The property features enclosed walled garden along with beautifully tiled floors inside. Priced competitively at ₦20,000,000, this is a unique opportunity to own a piece of real estate in Palmgrove, Shomolu, Lagos."
3 bedroom flat / apartment for sale,"₦210,000","Surulere, Lagos",Dodo Homes & Properties   09030721904,https://nigeriapropertycentre.com/for-sale/flats-apartments/lagos/surulere/3426262-morden-3-bedroom-secure-estate,https://images.nigeriapropertycentre.com/properties/images/thumbs/3426262/069d791a34f10b-morden-3bedroom-in-a-secure-estate-location-surulere-aski-for-sale-surulere-lagos.jpg,PROP-C97D0F22,"Presenting this sleek property in Surulere, Lagos, which beautifully delivers clean geometric lines. The property features high-end automated gates along with modern fitted kitchens inside. Priced competitively at ₦210,000, this is a unique opportunity to own a piece of real estate in Surulere, Lagos."
1 bedroom mini flat (room and parlour) for sale,"₦15,000,000","Abijo, Lekki, Lagos",Hezzo Real Estate   09011574993,https://nigeriapropertycentre.com/for-sale/flats-apartments/mini-flats/lagos/lekki/abijo/3430913-10-units-of-mini-flat,https://images.nigeriapropertycentre.com/properties/images/thumbs/3430913/069dbf3330a0d6-10-units-of-mini-flat-mini-flats-for-sale-abijo-lekki-lagos.jpeg,PROP-8212E958,"Presenting this distinctive property in Abijo, Lekki, Lagos, which beautifully presents asymmetrical architectural forms. The property features off-street parking along with modern fitted kitchens inside. Priced competitively at ₦15,000,000, this is a unique opportunity to own a piece of real estate in Abijo, Lekki, Lagos."
1 bedroom mini flat (room and parlour) for sale,"₦250,000","Dangote Cement Off Oreta Road, Igbogbo, Ikorodu, Lagos",Zeeco Properties   08081158617,https://nigeriapropertycentre.com/for-sale/flats-apartments/mini-flats/lagos/ikorodu/igbogbo/3421766-mini-flat,https://images.nigeriapropertycentre.com/properties/images/thumbs/3421766/069d6ab65d7480-mini-flat-mini-flats-for-sale-igbogbo-ikorodu-lagos.jpg,PROP-ADDCB390,"Presenting this sleek property in Dangote Cement Off Oreta Road, Igbogbo, Ikorodu, Lagos, which beautifully features minimalist white facades. The property features low-maintenance yards along with spacious walk-in closets inside. Priced competitively at ₦250,000, this is a unique opportunity to own a piece of real estate in Dangote Cement Off Oreta Road, Igbogbo, Ikorodu, Lagos."
1 bedroom mini flat (room and parlour) for sale,"₦2,000,000","Orchid, Lekki, Lagos",Banksome Global Realtors   09118015748,https://nigeriapropertycentre.com/for-sale/flats-apartments/mini-flats/lagos/lekki/3408436-shared-apartment,https://images.nigeriapropertycentre.com/properties/images/thumbs/3408436/069c6666e4fefd-shared-apartment-mini-flats-for-sale-lekki-lagos.jpg,PROP-666AC856,"Presenting this charming property in Orchid, Lekki, Lagos, which beautifully stands tall with open-plan layouts. The property features neat interlocking stones along with modern fitted kitchens inside. Priced competitively at ₦2,000,000, this is a unique opportunity to own a piece of real estate in Orchid, Lekki, Lagos."
1 bedroom mini flat (room and parlour) for sale,"₦1,500,000","Ajah, Lagos",Cool Realty Homes & Properties   +2348106286768,https://nigeriapropertycentre.com/for-sale/flats-apartments/mini-flats/lagos/ajah/3384146-1-bedroom-apartment,https://images.nigeriapropertycentre.com/properties/images/thumbs/3384146/069b194c4bdb24-1-bedroom-apartment-15-million-mini-flats-for-sale-ajah-lagos.jpeg,PROP-E49A2A76,"Presenting this radiant property in Ajah, Lagos, which beautifully stands tall with floor-to-ceiling glass windows. The property features low-maintenance yards along with spacious walk-in closets inside. Priced competitively at ₦1,500,000, this is a unique opportunity to own a piece of real estate in Ajah, Lagos."
3 bedroom flat / apartment for sale,"₦700,000","Victoria Island (VI), Lagos",Lake & Shore Properties Limited   09019926393,https://nigeriapropertycentre.com/for-sale/flats-apartments/lagos/victoria-island/3365984-3-bedroom-apartment,https://images.nigeriapropertycentre.com/properties/images/thumbs/3365984/069a44303d2be8-3bedroom-apartment-for-sale-victoria-island-lagos.jpg,PROP-DA1AB921,"Presenting this pristine property in Victoria Island (VI), Lagos, which beautifully offers unrivaled state-of-the-art interiors. The property features expansive manicured lawns along with spacious walk-in closets inside. Priced competitively at ₦700,000, this is a unique opportunity to own a piece of real estate in Victoria Island (VI), Lagos."
4 bedroom flat / apartment for sale,"₦1,000,000","Old Ikoyi, Ikoyi, Lagos",Gillards Property   08148228564,https://nigeriapropertycentre.com/for-sale/flats-apartments/lagos/ikoyi/old-ikoyi/3299720-4-bedroom-offplan-project,https://images.nigeriapropertycentre.com/properties/images/thumbs/3299720/0696dd6166eb13-4bedroom-offplan-project-for-sale-old-ikoyi-ikoyi-lagos.jpg,PROP-46C9A751,"Presenting this opulent property in Old Ikoyi, Ikoyi, Lagos, which beautifully flaunts sleek modern aesthetics with premium materials. The property features paved interlocking driveways along with modern fitted kitchens inside. Priced competitively at ₦1,000,000, this is a unique opportunity to own a piece of real estate in Old Ikoyi, Ikoyi, Lagos."
2 bedroom flat / apartment for sale,"₦2,000,000","Agunbi Ade Axis, Ogombo, Ajah, Lagos",Adonis Homes   08106304576,https://nigeriapropertycentre.com/for-sale/flats-apartments/lagos/ajah/ogombo/3329276-2-bedroom-flat,https://images.nigeriapropertycentre.com/properties/images/thumbs/3329276/06984f81e033c4-2bed-room-flat-for-sale-ogombo-ajah-lagos.jpeg,PROP-ADE59E60,"Presenting this contemporary property in Agunbi Ade Axis, Ogombo, Ajah, Lagos, which beautifully features asymmetrical architectural forms. The property features private swimming pool areas along with modern fitted kitchens inside. Priced competitively at ₦2,000,000, this is a unique opportunity to own a piece of real estate in Agunbi Ade Axis, Ogombo, Ajah, Lagos."
1 bedroom mini flat (room and parlour) for sale,"₦800,000","Maternity Off Bayeku Road, Igbogbo, Ikorodu, Lagos",Zeeco Properties   08081158617,https://nigeriapropertycentre.com/for-sale/flats-apartments/mini-flats/lagos/ikorodu/igbogbo/3107522-mini-flat,https://images.nigeriapropertycentre.com/properties/images/thumbs/3107522/06987ae9303292-mini-flat-mini-flats-for-sale-igbogbo-ikorodu-lagos.jpg,PROP-4ACA191C,"Presenting this tranquil property in Maternity Off Bayeku Road, Igbogbo, Ikorodu, Lagos, which beautifully delivers open-plan layouts. The property features neat interlocking stones along with modern fitted kitchens inside. Priced competitively at ₦800,000, this is a unique opportunity to own a piece of real estate in Maternity Off Bayeku Road, Igbogbo, Ikorodu, Lagos."
2 bedroom flat / apartment for sale,"₦170,000","Ikate, Lekki, Lagos",Oleks Properties Limited   08188195444,https://nigeriapropertycentre.com/for-sale/flats-apartments/lagos/lekki/ikate/3201982-newly-built-2-bedroom-apartment-in-a-gated-estate,https://images.nigeriapropertycentre.com/properties/images/thumbs/3201982/06916f48bc022b-newly-built-2-apartment-in-a-gated-estate-for-sale-lekki-lagos.jpg,PROP-2AE8F528,"Presenting this sleek property in Ikate, Lekki, Lagos, which beautifully showcases open-plan layouts. The property features high-end automated gates along with elegant ensuite bathrooms inside. Priced competitively at ₦170,000, this is a unique opportunity to own a piece of real estate in Ikate, Lekki, Lagos."
2 bedroom flat / apartment for sale,$600,"Glover Court, Ikoyi, Lagos",Ben Wealth Properties   08147817260,https://nigeriapropertycentre.com/for-sale/flats-apartments/lagos/ikoyi/3187517-2-bedroom-automated-apartment,https://images.nigeriapropertycentre.com/properties/images/thumbs/3187517/0690bbae73759e-2-and-3-bedroom-automated-apartment-with-4-bedroom-penthouse-at-glover-for-sale-ikoyi-lagos.jpg,PROP-966304A6,"Presenting this grand property in Glover Court, Ikoyi, Lagos, which beautifully welcomes you with sleek modern aesthetics with premium materials. The property features paved interlocking driveways along with spacious walk-in closets inside. Priced competitively at $600, this is a unique opportunity to own a piece of real estate in Glover Court, Ikoyi, Lagos."
4 bedroom flat / apartment for sale,$550,"Banana Island, Ikoyi, Lagos",Heights Of Splendour Ltd   +2348129971339,https://nigeriapropertycentre.com/for-sale/flats-apartments/lagos/ikoyi/banana-island/2957374-high-luxury-4-bedroom-apartment,https://images.nigeriapropertycentre.com/properties/images/thumbs/2957374/06867a65796e23-high-luxury-4-bedroom-apartment-for-sale-ikoyi-lagos.jpg,PROP-825C1B36,"Presenting this distinctive property in Banana Island, Ikoyi, Lagos, which beautifully invites you into sleek modern aesthetics with premium materials. The property features expansive manicured lawns along with bright natural lighting inside. Priced competitively at $550, this is a unique opportunity to own a piece of real estate in Banana Island, Ikoyi, Lagos."
2 bedroom house for sale,"₦3,000,000","Ojodu Berger, Lagos, Ojodu Berger, Ojodu, Lagos",Zeefit Real Estate Services   08161124561,https://nigeriapropertycentre.com/for-sale/houses/lagos/ojodu/ojodu-berger/3494289-standard-2-bedroom-flat-available,https://images.nigeriapropertycentre.com/properties/images/thumbs/3494289/06a114e3defaf4-standard-2-bedroom-flat-available-for-sale-ojodu-berger-ojodu-lagos.jpeg,PROP-7E6106F9,"Presenting this grand property in Ojodu Berger, Lagos, Ojodu Berger, Ojodu, Lagos, which beautifully incorporates glass-enclosed balconies. The property features large balconies with glass railings along with modern fitted kitchens inside. Priced competitively at ₦3,000,000, this is a unique opportunity to own a piece of real estate in Ojodu Berger, Lagos, Ojodu Berger, Ojodu, Lagos."
4 bedroom detached duplex for sale,"₦430,000","VGC, Lekki, Lagos",Deyemmitte Global Concepts   08050720371,https://nigeriapropertycentre.com/for-sale/houses/detached-duplexes/lagos/lekki/victoria-garden-city/3154367-standard-4-bedroom-fully-detached-house-with-two-room-bq-on-678sqm,https://images.nigeriapropertycentre.com/properties/images/thumbs/3154367/068f2c126e374a-standard-4bedroom-fully-detached-house-with-two-room-bq-on-6678sqm-detached-duplexes-for-sale-victoria-garden-city-lekki-lagos.jpeg,PROP-6E91DED2,"Presenting this contemporary property in VGC, Lekki, Lagos, which beautifully boasts exquisite marble finishes. The property features high-end automated gates along with modern fitted kitchens inside. Priced competitively at ₦430,000, this is a unique opportunity to own a piece of real estate in VGC, Lekki, Lagos."
4 bedroom detached duplex for sale,"₦300,000","Pear Garden Estate, Ajah, Lagos",4-tee Properties & Investment Ltd   08138626902,https://nigeriapropertycentre.com/for-sale/houses/detached-duplexes/lagos/ajah/3491198-luxury-4-bedroom-with-pool,https://images.nigeriapropertycentre.com/properties/images/thumbs/3491198/06a0ef3c75789f-luxury-4bed-with-pool-detached-duplexes-for-sale-ajah-lagos.jpg,PROP-63F33FEC,"Presenting this imposing property in Pear Garden Estate, Ajah, Lagos, which beautifully invites you into asymmetrical architectural forms. The property features paved interlocking driveways along with spacious walk-in closets inside. Priced competitively at ₦300,000, this is a unique opportunity to own a piece of real estate in Pear Garden Estate, Ajah, Lagos."
5 bedroom detached duplex for sale,"₦600,000","Harmony Estate, GRA Phase 1, Magodo, Lagos",Shalom Real Estate Empire Ltd   08080760855,https://nigeriapropertycentre.com/for-sale/houses/detached-duplexes/lagos/magodo/gra-phase-1/3362376-newly-built-5-bedroom-fully-detached-duplex-in-a-serene-atmosphere,https://images.nigeriapropertycentre.com/properties/images/thumbs/3362376/069a08183a4ce0-newly-built-5-bedroom-fully-detached-duplex-in-a-serene-atmosphere-detached-duplexes-for-sale-omole-phase-1-ikeja-lagos.jpeg,PROP-DD51FAF8,"Presenting this opulent property in Harmony Estate, GRA Phase 1, Magodo, Lagos, which beautifully presents open-plan layouts. The property features high-end automated gates along with modern fitted kitchens inside. Priced competitively at ₦600,000, this is a unique opportunity to own a piece of real estate in Harmony Estate, GRA Phase 1, Magodo, Lagos."
5 bedroom detached duplex for sale,"₦275,000","Ikota, Lekki, Lagos",Henshodeg Services Ltd   07037341101,https://nigeriapropertycentre.com/for-sale/houses/detached-duplexes/lagos/lekki/ikota/3482513-luxury-5-bedroom-detached-duplex-and-1-bq,https://images.nigeriapropertycentre.com/properties/images/thumbs/3482513/06a073b870d5e7-luxury-5bedroom-detached-duplex-and-1bq-at-ikota-g-r-a-by-mobil-road-detached-duplexes-for-sale-ikota-lekki-lagos.jpeg,PROP-6E633F5A,"Presenting this stunning property in Ikota, Lekki, Lagos, which beautifully ensures a lifestyle of open-plan layouts. The property features private swimming pool areas along with bright natural lighting inside. Priced competitively at ₦275,000, this is a unique opportunity to own a piece of real estate in Ikota, Lekki, Lagos."
4 bedroom detached duplex for sale,"₦600,000","Vgc Extension, VGC, Lekki, Lagos",Listedbysam Brokerage   +2349130289993,https://nigeriapropertycentre.com/for-sale/houses/detached-duplexes/lagos/lekki/victoria-garden-city/3487029-a-stunning-4-bedroom-fully-detached,https://images.nigeriapropertycentre.com/properties/images/thumbs/3487029/06a0bd60c89585-a-stunning-4-bedroom-fully-detached-detached-duplexes-for-sale-victoria-garden-city-lekki-lagos.jpeg,PROP-7150B6E1,"Presenting this pristine property in Vgc Extension, VGC, Lekki, Lagos, which beautifully stands tall with striking double-height ceilings. The property features expansive manicured lawns along with bright natural lighting inside. Priced competitively at ₦600,000, this is a unique opportunity to own a piece of real estate in Vgc Extension, VGC, Lekki, Lagos."
3 bedroom terraced duplex for sale,"₦5,000,000","Queens Garden Annex Ii, Gra, Isheri North, Lagos",Bambii Homes   09168331647,https://nigeriapropertycentre.com/for-sale/houses/terraced-duplexes/lagos/isheri-north/3485875-classy-3-bedroom-terraced-duplex-c-of-o-in-a-secured-estate,https://images.nigeriapropertycentre.com/properties/images/thumbs/3485875/06a0b0aa87328b-classy-3-bedroom-terrace-in-isheri-north-opic-estate-c-of-o-terraced-duplexes-for-sale-isheri-north-lagos.jpeg,PROP-93616A24,"Presenting this opulent property in Queens Garden Annex Ii, Gra, Isheri North, Lagos, which beautifully boasts floor-to-ceiling glass windows. The property features high-end automated gates along with elegant ensuite bathrooms inside. Priced competitively at ₦5,000,000, this is a unique opportunity to own a piece of real estate in Queens Garden Annex Ii, Gra, Isheri North, Lagos."
4 bedroom semi-detached duplex for sale,"₦150,000","Orchid Road, Lekki, Lagos",Isbi Limited   09169779539,https://nigeriapropertycentre.com/for-sale/houses/semi-detached-duplexes/lagos/lekki/3462293-4-bedroom-with-bq-semi-detached-duplex,https://images.nigeriapropertycentre.com/properties/images/thumbs/3462293/069f6361226195-4bed-with-bq-semi-detached-semi-detached-duplexes-for-sale-lekki-lagos.jpeg,PROP-1D83BAF1,"Presenting this charming property in Orchid Road, Lekki, Lagos, which beautifully flaunts asymmetrical architectural forms. The property features high-end automated gates along with beautifully tiled floors inside. Priced competitively at ₦150,000, this is a unique opportunity to own a piece of real estate in Orchid Road, Lekki, Lagos."
5 bedroom house for sale,"₦275,000","Lekki/epe Express Way, Ajah, Lagos",Henshodeg Services Ltd   07037341101,https://nigeriapropertycentre.com/for-sale/houses/lagos/ajah/3482413-luxury-5-bedroom-detached-duplex-and-1-bq,https://images.nigeriapropertycentre.com/properties/images/thumbs/3482413/06a072ef703f9d-luxury-5-bedroom-detached-duplex-and-1bq-at-ikota-gra-by-mobile-road-for-sale-ikota-lekki-lagos.jpeg,PROP-6806BC6E,"Presenting this tranquil property in Lekki/epe Express Way, Ajah, Lagos, which beautifully invites you into glass-enclosed balconies. The property features high-end automated gates along with elegant ensuite bathrooms inside. Priced competitively at ₦275,000, this is a unique opportunity to own a piece of real estate in Lekki/epe Express Way, Ajah, Lagos."
4 bedroom detached duplex for sale,"₦260,000","Ogba, Ikeja, Lagos",Waziri Homes&properties   09066775603,https://nigeriapropertycentre.com/for-sale/houses/detached-duplexes/lagos/ikeja/ogba/3474496-stunning-4-bedroom-detached-duplex-with-bq,https://images.nigeriapropertycentre.com/properties/images/thumbs/3474496/06a0141fad7d65-stunning-4-bedroom-detached-duplex-with-bq-in-a-serene-location-detached-duplexes-for-sale-ogba-ikeja-lagos.jpeg,PROP-A4F83F6C,"Presenting this tranquil property in Ogba, Ikeja, Lagos, which beautifully presents glass-enclosed balconies. The property features expansive manicured lawns along with spacious walk-in closets inside. Priced competitively at ₦260,000, this is a unique opportunity to own a piece of real estate in Ogba, Ikeja, Lagos."
5 bedroom detached duplex for sale,"₦350,000","Off Orchid Road Royal Pine, Lekki Phase 1, Lekki, Lagos",Kingsproperty Company Lekki   08059409867,https://nigeriapropertycentre.com/for-sale/houses/detached-duplexes/lagos/lekki/lekki-phase-1/3471429-five-bedroom-detached-duplex-with-bq-and-swimming-pool,https://images.nigeriapropertycentre.com/properties/images/thumbs/3471429/069fdc663894ad-five-bedroom-detached-duplex-with-bq-and-swimming-pool-detached-duplexes-for-sale-lekki-phase-1-lekki-lagos.jpeg,PROP-31F3EAAB,"Presenting this contemporary property in Off Orchid Road Royal Pine, Lekki Phase 1, Lekki, Lagos, which beautifully ensures a lifestyle of state-of-the-art interiors. The property features paved interlocking driveways along with elegant ensuite bathrooms inside. Priced competitively at ₦350,000, this is a unique opportunity to own a piece of real estate in Off Orchid Road Royal Pine, Lekki Phase 1, Lekki, Lagos."
5 bedroom detached duplex for sale,"₦1,100,000","Ikeja GRA, Ikeja, Lagos",Infinique Properties Limited   08064653585,https://nigeriapropertycentre.com/for-sale/houses/detached-duplexes/lagos/ikeja/gra/3435821-premium-fully-detached-5-bedroom-luxury-duplex-bq,https://images.nigeriapropertycentre.com/properties/images/thumbs/3435821/069df7aa1cd9df-premium-fully-detached-5-bedroom-luxury-duplex-bq-detached-duplexes-for-sale-gra-ikeja-lagos.jpeg,PROP-5A71FD35,"Presenting this distinctive property in Ikeja GRA, Ikeja, Lagos, which beautifully offers unrivaled minimalist white facades. The property features private swimming pool areas along with spacious walk-in closets inside. Priced competitively at ₦1,100,000, this is a unique opportunity to own a piece of real estate in Ikeja GRA, Ikeja, Lagos."
4 bedroom house for sale,"₦200,000","Orchid Road, Lekki, Lagos",Isbi Limited   09169779539,https://nigeriapropertycentre.com/for-sale/houses/lagos/lekki/3450762-4-bedroom-semi-detached-duplex-with-bq-available,https://images.nigeriapropertycentre.com/properties/images/thumbs/3450762/069eba3b45e9e6-4-bedroom-semi-detached-duplex-with-bq-available-on-orchid-road-pric-for-sale-lekki-lagos.jpeg,PROP-F7D9B90A,"Presenting this pristine property in Orchid Road, Lekki, Lagos, which beautifully showcases clean geometric lines. The property features high-end automated gates along with bright natural lighting inside. Priced competitively at ₦200,000, this is a unique opportunity to own a piece of real estate in Orchid Road, Lekki, Lagos."
5 bedroom detached duplex for sale,"₦1,550,000","Hampton Island Estate, Osapa, Lekki, Lagos",Smilebay Realties Limited   09169306242,https://nigeriapropertycentre.com/for-sale/houses/detached-duplexes/lagos/lekki/osapa/3455271-newly-built-fully-detached-5-bedroom-duplex,https://images.nigeriapropertycentre.com/properties/images/thumbs/3455271/069f0765cc8819-newly-built-fully-detached-5-bedroom-duplex-detached-duplexes-for-sale-osapa-lekki-lagos.jpeg,PROP-927B4D5C,"Presenting this sleek property in Hampton Island Estate, Osapa, Lekki, Lagos, which beautifully welcomes you with asymmetrical architectural forms. The property features paved interlocking driveways along with spacious walk-in closets inside. Priced competitively at ₦1,550,000, this is a unique opportunity to own a piece of real estate in Hampton Island Estate, Osapa, Lekki, Lagos."
3 bedroom semi-detached duplex for sale,"₦5,000,000","Abijo Gra,, Lekki, Lagos",Jide Taiwo And Co - Victoria Island Branch   07052090208,https://nigeriapropertycentre.com/for-sale/houses/semi-detached-duplexes/lagos/lekki/3449714-luxury-3-bedroom-semi-detached-house,https://images.nigeriapropertycentre.com/properties/images/thumbs/3449714/069eb2a21f183f-luxury-3-bedroom-semi-detached-house-semi-detached-duplexes-for-sale-abijo-lekki-lagos.jpg,PROP-660139CB,"Presenting this grand property in Abijo Gra,, Lekki, Lagos, which beautifully invites you into open-plan layouts. The property features high-end automated gates along with modern fitted kitchens inside. Priced competitively at ₦5,000,000, this is a unique opportunity to own a piece of real estate in Abijo Gra,, Lekki, Lagos."
5 bedroom detached duplex for sale,"₦390,000","Ikota, Lekki, Lagos",Holton Realty And Lifestyle   09078238824,https://nigeriapropertycentre.com/for-sale/houses/detached-duplexes/lagos/lekki/ikota/3428024-luxurious-5-bedroom-detached-duplex-with-swimming-pool,https://images.nigeriapropertycentre.com/properties/images/thumbs/3428024/069d8bd5399b1a-luxurious-5-bedroom-detached-duplex-with-swimming-pool-detached-duplexes-for-sale-ikota-lekki-lagos.JPG,PROP-0FB338D0,"Presenting this radiant property in Ikota, Lekki, Lagos, which beautifully stands tall with open-plan layouts. The property features large balconies with glass railings along with elegant ensuite bathrooms inside. Priced competitively at ₦390,000, this is a unique opportunity to own a piece of real estate in Ikota, Lekki, Lagos."
4 bedroom terraced duplex for sale,"₦120,000","Ajayi Apata / Zularich Residence, Sangotedo, Ajah, Lagos",3a Integrated Services Venture   2348131578586,https://nigeriapropertycentre.com/for-sale/houses/terraced-duplexes/lagos/ajah/sangotedo/3423497-luxury-2-4-bedroom-homes-in-a-premium-gated-estate,https://images.nigeriapropertycentre.com/properties/images/thumbs/3423497/069d55f298e274-luxury-2-4-bedroom-homes-in-a-premium-gated-estate-terraced-duplexes-for-sale-sangotedo-ajah-lagos.jpg,PROP-A54DC8BC,"Presenting this charming property in Ajayi Apata / Zularich Residence, Sangotedo, Ajah, Lagos, which beautifully offers floor-to-ceiling glass windows. The property features expansive manicured lawns along with modern fitted kitchens inside. Priced competitively at ₦120,000, this is a unique opportunity to own a piece of real estate in Ajayi Apata / Zularich Residence, Sangotedo, Ajah, Lagos."
3 bedroom detached bungalow for sale,"₦2,200,000","Transit Close, Victoria Island (VI), Lagos",Ajah Properties Dev And Construction Ltd   08038541538,https://nigeriapropertycentre.com/for-sale/houses/detached-bungalows/lagos/victoria-island/3345666-demolishable-bungalows,https://images.nigeriapropertycentre.com/properties/images/thumbs/3345666/0699415449d890-bungalows-detached-bungalows-for-sale-victoria-island-lagos.jpeg,PROP-A5D2A5DB,"Presenting this opulent property in Transit Close, Victoria Island (VI), Lagos, which beautifully reveals state-of-the-art interiors. The property features paved interlocking driveways along with bright natural lighting inside. Priced competitively at ₦2,200,000, this is a unique opportunity to own a piece of real estate in Transit Close, Victoria Island (VI), Lagos."
5 bedroom detached duplex for sale,"₦550,000","Royal Gardens Estate, Lekki, Lagos",Williams Properties Ltd   07050598295,https://nigeriapropertycentre.com/for-sale/houses/detached-duplexes/lagos/lekki/3202454-brand-new-luxury-5-bedroom-contemporary-duplex,https://images.nigeriapropertycentre.com/properties/images/thumbs/3202454/069172cf11ab31-brand-new-luxury-5bedroom-contemporary-duplex-550m-detached-duplexes-for-sale-lekki-lagos.jpeg,PROP-95F4F240,"Presenting this grand property in Royal Gardens Estate, Lekki, Lagos, which beautifully showcases clean geometric lines. The property features expansive manicured lawns along with beautifully tiled floors inside. Priced competitively at ₦550,000, this is a unique opportunity to own a piece of real estate in Royal Gardens Estate, Lekki, Lagos."
3 bedroom house for sale,"₦4,000,000","Oreta, Igbogbo, Ikorodu, Lagos",Zeeco Properties   08081158617,https://nigeriapropertycentre.com/for-sale/houses/lagos/ikorodu/igbogbo/2707924-one-bedroom-bungalow-with-bq,https://images.nigeriapropertycentre.com/properties/images/thumbs/2707924/0696494cba91ce-one-bedroom-bungalow-with-bq-block-of-flats-for-sale-igbogbo-ikorodu-lagos.jpg,PROP-B6394057,"Presenting this charming property in Oreta, Igbogbo, Ikorodu, Lagos, which beautifully boasts asymmetrical architectural forms. The property features paved interlocking driveways along with modern fitted kitchens inside. Priced competitively at ₦4,000,000, this is a unique opportunity to own a piece of real estate in Oreta, Igbogbo, Ikorodu, Lagos."
4 bedroom semi-detached duplex for sale,"₦1,550,000","Ajah, Lagos",Buy&live   09030268728,https://nigeriapropertycentre.com/for-sale/houses/semi-detached-duplexes/lagos/ajah/3490613-gorgeous-4-bedroom-semi-detached-duplex-with-a-bq,https://images.nigeriapropertycentre.com/properties/images/thumbs/3490613/06a0ea6aab8940-gorgeous-4bedroom-semi-detached-duplex-with-a-bq-semi-detached-duplexes-for-sale-ajah-lagos.jpg,PROP-193C68DB,"Presenting this sleek property in Ajah, Lagos, which beautifully ensures a lifestyle of minimalist white facades. The property features large balconies with glass railings along with beautifully tiled floors inside. Priced competitively at ₦1,550,000, this is a unique opportunity to own a piece of real estate in Ajah, Lagos."
3 bedroom house for sale,"₦210,000","Chevron Alternative Route, Lekki, Lagos",Go Global Realty   07034722898,https://nigeriapropertycentre.com/for-sale/houses/lagos/lekki/3466836-chevron-3-4-bedroom-terrace,https://images.nigeriapropertycentre.com/properties/images/thumbs/3466836/069fa78cee0d9c-chevron-lekki-terrace-for-sale-lekki-lagos.jpg,PROP-64791BA8,"Presenting this magnificent property in Chevron Alternative Route, Lekki, Lagos, which beautifully stands tall with clean geometric lines. The property features paved interlocking driveways along with elegant ensuite bathrooms inside. Priced competitively at ₦210,000, this is a unique opportunity to own a piece of real estate in Chevron Alternative Route, Lekki, Lagos."
5 bedroom detached duplex for sale,"₦1,300,000","Off Fola Osibo, Lekki Phase 1, Lekki, Lagos",Nikomproperties@gmail.com   08118836372,https://nigeriapropertycentre.com/for-sale/houses/detached-duplexes/lagos/lekki/lekki-phase-1/3455398-5-bedroom-fully,https://images.nigeriapropertycentre.com/properties/images/thumbs/3455398/069f0887e44ad3-5bedroom-fully-detached-duplexes-for-sale-lekki-phase-1-lekki-lagos.jpg,PROP-A930C16A,"Presenting this pristine property in Off Fola Osibo, Lekki Phase 1, Lekki, Lagos, which beautifully offers exquisite marble finishes. The property features paved interlocking driveways along with elegant ensuite bathrooms inside. Priced competitively at ₦1,300,000, this is a unique opportunity to own a piece of real estate in Off Fola Osibo, Lekki Phase 1, Lekki, Lagos."
4 bedroom detached duplex for sale,"₦2,000,000","Banana Island, Ikoyi, Lagos",Peregrine Innovative Homes Limited   +2349126439250,https://nigeriapropertycentre.com/for-sale/houses/detached-duplexes/lagos/ikoyi/banana-island/3451109-ultra-luxury-4-bedroom-fully-detached,https://images.nigeriapropertycentre.com/properties/images/thumbs/3451109/069ebf31d4172b-ultra-luxury-4-bedroom-fully-detached-detached-duplexes-for-sale-banana-island-ikoyi-lagos.jpeg,PROP-02F42553,"Presenting this stunning property in Banana Island, Ikoyi, Lagos, which beautifully welcomes you with sleek modern aesthetics with premium materials. The property features expansive manicured lawns along with modern fitted kitchens inside. Priced competitively at ₦2,000,000, this is a unique opportunity to own a piece of real estate in Banana Island, Ikoyi, Lagos."
3 bedroom house for sale,"₦290,000","Lekki Phase 1, Lekki, Lagos",Mercy Properties   08149149314,https://nigeriapropertycentre.com/for-sale/houses/lagos/lekki/lekki-phase-1/3451049-luxury-three-bedroom-apartment,https://images.nigeriapropertycentre.com/properties/images/thumbs/3451049/069ebe4c129f1f-luxury-three-bedroom-apartment-for-sale-lekki-phase-1-lekki-lagos.jpg,PROP-F19E36CB,"Presenting this magnificent property in Lekki Phase 1, Lekki, Lagos, which beautifully stands tall with striking double-height ceilings. The property features paved interlocking driveways along with bright natural lighting inside. Priced competitively at ₦290,000, this is a unique opportunity to own a piece of real estate in Lekki Phase 1, Lekki, Lagos."
4 bedroom semi-detached duplex for sale,"₦450,000","Chevron Drive, Lekki, Lagos",Worthy Lek Properties   07088941557,https://nigeriapropertycentre.com/for-sale/houses/semi-detached-duplexes/lagos/lekki/3443295-4-bedroom-semi-detached-house,https://images.nigeriapropertycentre.com/properties/images/thumbs/3443295/069e63122b6daa-4-bedroom-semi-detached-house-semi-detached-duplexes-for-sale-lekki-lagos.jpg,PROP-FFFBF53D,"Presenting this magnificent property in Chevron Drive, Lekki, Lagos, which beautifully flaunts clean geometric lines. The property features high-end automated gates along with spacious walk-in closets inside. Priced competitively at ₦450,000, this is a unique opportunity to own a piece of real estate in Chevron Drive, Lekki, Lagos."
6 bedroom house for sale,"₦550,000","Chevron 2nd Toll Gate, Lekki, Lagos",Mimrealty Ltd   08093086027,https://nigeriapropertycentre.com/for-sale/houses/lagos/lekki/3443163-3-bedroom-fully-detached-duplex-with-bq,https://images.nigeriapropertycentre.com/properties/images/thumbs/3443163/069e6204bc5a2e-3-bedroom-fully-detached-duplex-with-bq-for-sale-lekki-lagos.jpeg,PROP-40EAA942,"Presenting this radiant property in Chevron 2nd Toll Gate, Lekki, Lagos, which beautifully flaunts open-plan layouts. The property features high-end automated gates along with spacious walk-in closets inside. Priced competitively at ₦550,000, this is a unique opportunity to own a piece of real estate in Chevron 2nd Toll Gate, Lekki, Lagos."
4 bedroom house for sale,"₦330,000","Chevron 2nd Toll Gate, Lekki, Lagos",Mimrealty Ltd   08093086027,https://nigeriapropertycentre.com/for-sale/houses/lagos/lekki/3443146-4-bedroom-fully-detached-duplex,https://images.nigeriapropertycentre.com/properties/images/thumbs/3443146/069e61ebd101a8-4-bedroom-fully-detached-duplex-for-sale-lekki-lagos.jpeg,PROP-C642299F,"Presenting this pristine property in Chevron 2nd Toll Gate, Lekki, Lagos, which beautifully offers minimalist white facades. The property features expansive manicured lawns along with spacious walk-in closets inside. Priced competitively at ₦330,000, this is a unique opportunity to own a piece of real estate in Chevron 2nd Toll Gate, Lekki, Lagos."
6 bedroom house for sale,"₦4,500,000","Off Bourdillon, Ikoyi, Lagos",Jerman Ventures Co. Ltd   08077738880,https://nigeriapropertycentre.com/for-sale/houses/lagos/ikoyi/3379103-detached-6-bedroom-and-4-rooms-of-bqs,https://images.nigeriapropertycentre.com/properties/images/thumbs/3379103/069ae9ab98315f-detached-6-bedroom-and-4rooms-of-bqs-for-sale-ikoyi-lagos.jpg,PROP-D759CF8C,"Presenting this expansive property in Off Bourdillon, Ikoyi, Lagos, which beautifully welcomes you with sleek modern aesthetics with premium materials. The property features private swimming pool areas along with modern fitted kitchens inside. Priced competitively at ₦4,500,000, this is a unique opportunity to own a piece of real estate in Off Bourdillon, Ikoyi, Lagos."
3 bedroom detached duplex for sale,"₦5,000,000","Victoria Island (VI), Lagos",Kriceo Enterprise & Estate Management   08066550282,https://nigeriapropertycentre.com/for-sale/houses/detached-duplexes/lagos/victoria-island/3437873-prefabricated-house,https://images.nigeriapropertycentre.com/properties/images/thumbs/3437873/069e0e6438cfe9-prefabricated-house-detached-duplexes-for-sale-victoria-island-lagos.jpg,PROP-B6F63897,"Presenting this opulent property in Victoria Island (VI), Lagos, which beautifully flaunts exquisite marble finishes. The property features high-end automated gates along with beautifully tiled floors inside. Priced competitively at ₦5,000,000, this is a unique opportunity to own a piece of real estate in Victoria Island (VI), Lagos."
4 bedroom detached duplex for sale,"₦200,000","Pearl Nuga Court, Sangotedo, Ajah, Lagos",Cmb   09068825350,https://nigeriapropertycentre.com/for-sale/houses/detached-duplexes/lagos/ajah/sangotedo/3424982-4-bedroom-fully-detached-duplex,https://images.nigeriapropertycentre.com/properties/images/thumbs/3424982/069d6837b3c3d3-4-bedroom-fully-detached-duplex-location-pearl-nuga-court-sangotedo-detached-duplexes-for-sale-sangotedo-ajah-lagos.jpeg,PROP-2CC7DACF,"Presenting this opulent property in Pearl Nuga Court, Sangotedo, Ajah, Lagos, which beautifully offers minimalist white facades. The property features high-end automated gates along with beautifully tiled floors inside. Priced competitively at ₦200,000, this is a unique opportunity to own a piece of real estate in Pearl Nuga Court, Sangotedo, Ajah, Lagos."
5 bedroom detached duplex for sale,"₦370,000","Lekki County Homes, Ikota, Lekki, Lagos",Oleks Properties Limited   08188195444,https://nigeriapropertycentre.com/for-sale/houses/detached-duplexes/lagos/lekki/ikota/3348199-newly-built-5-bedroom-detached-duplex-with-bq-pool-in-a-gated-estate,https://images.nigeriapropertycentre.com/properties/images/thumbs/3348199/0699562bdd348a-newly-built-5-bedroom-detached-with-bq-pool-in-a-gated-estate-detached-duplexes-for-sale-lekki-lagos.jpg,PROP-EB35F963,"Presenting this charming property in Lekki County Homes, Ikota, Lekki, Lagos, which beautifully features minimalist white facades. The property features large balconies with glass railings along with elegant ensuite bathrooms inside. Priced competitively at ₦370,000, this is a unique opportunity to own a piece of real estate in Lekki County Homes, Ikota, Lekki, Lagos."
4 bedroom semi-detached duplex for sale,"₦550,000","Plot 103 A And B, Bashiru Shittu, GRA Phase 2, Magodo, Lagos",Hansmag Nigeria Limited   +234,https://nigeriapropertycentre.com/for-sale/houses/semi-detached-duplexes/lagos/magodo/gra-phase-2/3246835-premium-2-wing-duplex-estate,https://images.nigeriapropertycentre.com/properties/images/thumbs/3246835/069c07d825b6de-premium-2-wing-duplex-estate-semi-detached-duplexes-for-sale-gra-phase-2-magodo-lagos.PNG,PROP-A4804893,"Presenting this sleek property in Plot 103 A And B, Bashiru Shittu, GRA Phase 2, Magodo, Lagos, which beautifully offers unrivaled open-plan layouts. The property features paved interlocking driveways along with bright natural lighting inside. Priced competitively at ₦550,000, this is a unique opportunity to own a piece of real estate in Plot 103 A And B, Bashiru Shittu, GRA Phase 2, Magodo, Lagos."
6 bedroom house for sale,"₦4,000,000","Ikoyi, Lagos",Peregrine Innovative Homes Limited   +2349126439250,https://nigeriapropertycentre.com/for-sale/houses/lagos/ikoyi/3433734-new-in-the-market-detached-house-of-6-bedroom-4-rooms-bqts-with-swimming-pool,https://images.nigeriapropertycentre.com/properties/images/thumbs/3433734/069de012f137ae-new-in-the-market-detached-house-of-6-bedroom-4-rooms-bqts-with-swim-for-sale-ikoyi-lagos.jpeg,PROP-87B3092A,"Presenting this grand property in Ikoyi, Lagos, which beautifully features sleek modern aesthetics with premium materials. The property features paved interlocking driveways along with spacious walk-in closets inside. Priced competitively at ₦4,000,000, this is a unique opportunity to own a piece of real estate in Ikoyi, Lagos."
6 bedroom detached duplex for sale,"₦2,200,000","Saka Jojo Street, Victoria Island (VI), Lagos",Breathing Space.   07057302511,https://nigeriapropertycentre.com/for-sale/houses/detached-duplexes/lagos/victoria-island/2724384-measuring-1450sqm-with-re-usable-structure,https://images.nigeriapropertycentre.com/properties/images/thumbs/2724384/067b30a2d41f8b-kabd-measuring-1450sqm-with-re-usable-structure-detached-duplexes-for-sale-victoria-island-lagos.jpg,PROP-23049F6D,"Presenting this pristine property in Saka Jojo Street, Victoria Island (VI), Lagos, which beautifully reveals exquisite marble finishes. The property features private swimming pool areas along with elegant ensuite bathrooms inside. Priced competitively at ₦2,200,000, this is a unique opportunity to own a piece of real estate in Saka Jojo Street, Victoria Island (VI), Lagos."
4 bedroom house for sale,"₦2,200,000","Probyn. Off Bourdillon Road, Old Ikoyi, Ikoyi, Lagos",Palton Morgan Holdings   08039391560,https://nigeriapropertycentre.com/for-sale/houses/lagos/ikoyi/old-ikoyi/3187127-luxury-4-bedroom-maisonette,https://images.nigeriapropertycentre.com/properties/images/thumbs/3187127/0690b797c76463-luxury-4bedroom-maisonette-for-sale-ikoyi-lagos.jpeg,PROP-EEA26BAF,"Presenting this opulent property in Probyn. Off Bourdillon Road, Old Ikoyi, Ikoyi, Lagos, which beautifully flaunts striking double-height ceilings. The property features paved interlocking driveways along with bright natural lighting inside. Priced competitively at ₦2,200,000, this is a unique opportunity to own a piece of real estate in Probyn. Off Bourdillon Road, Old Ikoyi, Ikoyi, Lagos."
4 bedroom terraced duplex for sale,"₦600,000","Oniru, Victoria Island (VI), Lagos",Peregrine Innovative Homes Limited   +2349126439250,https://nigeriapropertycentre.com/for-sale/houses/terraced-duplexes/lagos/victoria-island/oniru/3319928-4-bedroom-terrace-with-a-room-bq,https://images.nigeriapropertycentre.com/properties/images/thumbs/3319928/0697d261c26be9-4bedroom-terrace-with-a-room-bq-terraced-duplexes-for-sale-oniru-victoria-island-lagos.jpeg,PROP-AFE6F5AF,"Presenting this contemporary property in Oniru, Victoria Island (VI), Lagos, which beautifully flaunts state-of-the-art interiors. The property features paved interlocking driveways along with elegant ensuite bathrooms inside. Priced competitively at ₦600,000, this is a unique opportunity to own a piece of real estate in Oniru, Victoria Island (VI), Lagos."
5 bedroom house for sale,"₦3,200,000","Victoria Island (VI), Lagos",Peregrine Innovative Homes Limited   +2349126439250,https://nigeriapropertycentre.com/for-sale/houses/lagos/victoria-island/3319900-prime-redevelopment-opportunity-a-strategic-corner-piece,https://images.nigeriapropertycentre.com/properties/images/thumbs/3319900/0697d1eb27eacd-prime-redevelopment-opportunity-a-strategic-corner-piece-vi-for-sale-victoria-island-lagos.jpeg,PROP-626A05D7,"Presenting this grand property in Victoria Island (VI), Lagos, which beautifully welcomes you with striking double-height ceilings. The property features large balconies with glass railings along with beautifully tiled floors inside. Priced competitively at ₦3,200,000, this is a unique opportunity to own a piece of real estate in Victoria Island (VI), Lagos."
6 bedroom detached duplex for sale,"₦390,000","Chevron Drive, Lekki, Lagos",Citydiamond Homes And Interiors Ltd   08086014914,https://nigeriapropertycentre.com/for-sale/houses/detached-duplexes/lagos/lekki/3023931-contemporary-6-bedroom-fully-detached-duplex-with-pent-and-bq,https://images.nigeriapropertycentre.com/properties/images/thumbs/3023931/06896f8f8bd549-contemporary-6-bedroom-fully-detached-with-pent-and-bq-detached-duplexes-for-sale-lekki-lagos.jpg,PROP-CCEA2544,"Presenting this charming property in Chevron Drive, Lekki, Lagos, which beautifully offers unrivaled open-plan layouts. The property features large balconies with glass railings along with spacious walk-in closets inside. Priced competitively at ₦390,000, this is a unique opportunity to own a piece of real estate in Chevron Drive, Lekki, Lagos."
4 bedroom detached duplex for sale,"₦180,000","Ikota, Lekki, Lagos",Ambihomesandproperties   09083616685,https://nigeriapropertycentre.com/for-sale/houses/detached-duplexes/lagos/lekki/ikota/3205698-4bedroom-semi-detached-duplex-with-bq,https://images.nigeriapropertycentre.com/properties/images/thumbs/3205698/0691a38b735de6-4bedroom-semi-detached-duplex-with-bq-detached-duplexes-for-sale-ikota-lekki-lagos.jpeg,PROP-E995999D,"Presenting this imposing property in Ikota, Lekki, Lagos, which beautifully invites you into asymmetrical architectural forms. The property features paved interlocking driveways along with elegant ensuite bathrooms inside. Priced competitively at ₦180,000, this is a unique opportunity to own a piece of real estate in Ikota, Lekki, Lagos."
5 bedroom detached duplex for sale,"₦2,000,000","Awoyaya, Ibeju Lekki, Lagos",Real Legend Homes Agbara Branch   09011935309,https://nigeriapropertycentre.com/for-sale/houses/detached-duplexes/lagos/lekki-ibeju/awoyaya/3192338-lovely-5-bedroom-duplex-ensuit-with-excellent-finishing,https://images.nigeriapropertycentre.com/properties/images/thumbs/3192338/0690f81ca5c9e5-lovely-5-bedroom-duplex-ensuit-with-excellent-finishing-detached-duplexes-for-sale-awoyaya-lekki-ibeju-lagos.jpg,PROP-FB6B7681,"Presenting this contemporary property in Awoyaya, Ibeju Lekki, Lagos, which beautifully commands attention with open-plan layouts. The property features expansive manicured lawns along with bright natural lighting inside. Priced competitively at ₦2,000,000, this is a unique opportunity to own a piece of real estate in Awoyaya, Ibeju Lekki, Lagos."
3 bedroom detached bungalow for sale,"₦5,000,000","Eleko, Ibeju Lekki, Lagos",Buildmore Properties   09159184877,https://nigeriapropertycentre.com/for-sale/houses/detached-bungalows/lagos/lekki-ibeju/eleko/3177678-3-bedroom-detached-bungalow,https://images.nigeriapropertycentre.com/properties/images/thumbs/3177678/0690405ad24bae-affordable-long-term-investment-for-middle-class-and-investors-detached-bungalows-for-sale-eleko-lekki-ibeju-lagos.jpeg,PROP-1261D391,"Presenting this grand property in Eleko, Ibeju Lekki, Lagos, which beautifully ensures a lifestyle of glass-enclosed balconies. The property features high-end automated gates along with bright natural lighting inside. Priced competitively at ₦5,000,000, this is a unique opportunity to own a piece of real estate in Eleko, Ibeju Lekki, Lagos."
4 bedroom semi-detached duplex for sale,"₦1,700,000","Old Ikoyi, Ikoyi, Lagos",Realtor   07058143991,https://nigeriapropertycentre.com/for-sale/houses/semi-detached-duplexes/lagos/ikoyi/old-ikoyi/3170073-4-bedroom-detached-house,https://images.nigeriapropertycentre.com/properties/images/thumbs/3170073/068fe7f9c56e1e-4-bed-detached-house-old-ikoyi-15m-semi-detached-duplexes-for-sale-old-ikoyi-ikoyi-lagos.jpg,PROP-1C43382F,"Presenting this sleek property in Old Ikoyi, Ikoyi, Lagos, which beautifully ensures a lifestyle of striking double-height ceilings. The property features high-end automated gates along with elegant ensuite bathrooms inside. Priced competitively at ₦1,700,000, this is a unique opportunity to own a piece of real estate in Old Ikoyi, Ikoyi, Lagos."
3 bedroom terraced duplex for sale,"₦1,100,000","Ikota, Lekki, Lagos",Choiceproperty   +2347065906024,https://nigeriapropertycentre.com/for-sale/houses/terraced-duplexes/lagos/lekki/ikota/3168218-3-bedroom-terraced-duplex,https://images.nigeriapropertycentre.com/properties/images/thumbs/3168218/068fc933c2f4e4-3-bedroom-terrace-terraced-duplexes-for-sale-ikota-lekki-lagos.jpg,PROP-5A53E0E4,"Presenting this opulent property in Ikota, Lekki, Lagos, which beautifully invites you into asymmetrical architectural forms. The property features expansive manicured lawns along with bright natural lighting inside. Priced competitively at ₦1,100,000, this is a unique opportunity to own a piece of real estate in Ikota, Lekki, Lagos."
5 bedroom semi-detached duplex for sale,"₦350,000","Ikate, Lekki, Lagos",Kingsproperty Company Lekki   08059409867,https://nigeriapropertycentre.com/for-sale/houses/semi-detached-duplexes/lagos/lekki/ikate/3166210-five-bedrooms-semi-detached-house-with-bq,https://images.nigeriapropertycentre.com/properties/images/thumbs/3166210/068fb39ea87b57-five-bedrooms-semi-detached-house-with-bq-semi-detached-duplexes-for-sale-lekki-phase-1-lekki-lagos.jpeg,PROP-0E35FAE9,"Presenting this tranquil property in Ikate, Lekki, Lagos, which beautifully ensures a lifestyle of minimalist white facades. The property features high-end automated gates along with elegant ensuite bathrooms inside. Priced competitively at ₦350,000, this is a unique opportunity to own a piece of real estate in Ikate, Lekki, Lagos."
4 bedroom house for sale,"₦1,500,000","Banana Island, Ikoyi, Lagos",Loyalty Homes Limited   08169222741,https://nigeriapropertycentre.com/for-sale/houses/lagos/ikoyi/banana-island/2947042-luxurious-4-bedroom-massionette,https://images.nigeriapropertycentre.com/properties/images/thumbs/2947042/068603a0a7c727-luxurious-4-bedroom-massionett-for-sale-banana-island-ikoyi-lagos.jpg,PROP-90588135,"Presenting this magnificent property in Banana Island, Ikoyi, Lagos, which beautifully showcases palatial sweeping driveways. The property features expansive manicured lawns along with modern fitted kitchens inside. Priced competitively at ₦1,500,000, this is a unique opportunity to own a piece of real estate in Banana Island, Ikoyi, Lagos."
6 bedroom block of flats for sale,"₦5,000,000","Okeogun, Ibeju Lekki, Lagos",Homeland Realtors   08033538377,https://nigeriapropertycentre.com/for-sale/houses/block-of-flats/lagos/lekki-ibeju/3066644-2-units-of-room-and-parlour-self-contain,https://images.nigeriapropertycentre.com/properties/images/thumbs/3066644/068b53f168e483-2-units-of-room-and-parlour-self-contained-block-of-flats-for-sale-lekki-ibeju-lagos.jpg,PROP-C087B7E1,"Presenting this tranquil property in Okeogun, Ibeju Lekki, Lagos, which beautifully invites you into minimalist white facades. The property features expansive manicured lawns along with bright natural lighting inside. Priced competitively at ₦5,000,000, this is a unique opportunity to own a piece of real estate in Okeogun, Ibeju Lekki, Lagos."
3 bedroom detached duplex for sale,"₦3,500,000","Lonex Garden Estate, Opic, Isheri North, Lagos",Prolific Estates & Consults Ltd   07085753158,https://nigeriapropertycentre.com/for-sale/houses/detached-duplexes/lagos/isheri-north/opic/2935676-3-bedroom-duplex-self-compound-in-an-estate,https://images.nigeriapropertycentre.com/properties/images/thumbs/2935676/068588965a41ff-3-bedroom-duplex-self-compound-in-an-estate-detached-duplexes-for-sale-opic-isheri-north-lagos.jpg,PROP-66DB61C0,"Presenting this sleek property in Lonex Garden Estate, Opic, Isheri North, Lagos, which beautifully features asymmetrical architectural forms. The property features high-end automated gates along with spacious walk-in closets inside. Priced competitively at ₦3,500,000, this is a unique opportunity to own a piece of real estate in Lonex Garden Estate, Opic, Isheri North, Lagos."
6 bedroom detached duplex for sale,"₦3,500,000","Ikoyi, Lagos",Jupero Properties   07031954661,https://nigeriapropertycentre.com/for-sale/houses/detached-duplexes/lagos/ikoyi/2811687-luxury-6-bedroom-detached-mansion-with-2-kitchen-2-bq-swimming-pool,https://images.nigeriapropertycentre.com/properties/images/thumbs/2811687/067f6b6b469e0d-luxury-6bedroom-detached-mansion-with-2-kitchen-2bq-swimming-pool-detached-duplexes-for-sale-ikoyi-lagos.jpg,PROP-C02532E4,"Presenting this expansive property in Ikoyi, Lagos, which beautifully invites you into striking double-height ceilings. The property features expansive manicured lawns along with bright natural lighting inside. Priced competitively at ₦3,500,000, this is a unique opportunity to own a piece of real estate in Ikoyi, Lagos."
